Station,Location,Easting,Northing
Abbey Road DLR,Stratford,539082.3333333334,183383.66666666666
Aberffrwd (Vale of Rheidolway),Aber-ffrwd,268670.0,278720.0
Abergynolwyn (Talyllynway),Abergynolwyn,267052.0,306383.0
Abraham Moss (Manchester Metrolink),Cheetham Hill,384432.0,401548.6666666667
Acton Town,Acton Town,519456.25,179641.0
Addington Village Tram ,Addington,537090.0,163758.0
Addiscombe Tram ,Addiscombe,534196.6666666666,166293.0
Aldgate,Aldgate,533639.5,181224.5
Aldgate East,Aldgate East,533896.6666666667,181347.5
All Saints,All Saints,537979.0,180999.5
Alperton,Alperton,518036.5,183784.5
Alresford (Mid Hantsway),New Alresford,458861.5,132441.0
Alston (South Tynedaleway),Alston,371707.0,546727.0
Alton (Mid-Hantsway),Alton,472350.0,139700.0
Altrincham (Manchester Metrolink),Altrincham,376979.6666666667,387904.0
Amersham Underground,Amersham,496383.0,198183.5
Ampere Way Tram ,Broad Green,530673.3333333334,166467.33333333334
Anchorage (Manchester Metrolink),Salford Quays,381113.5,397548.1666666667
Anchorsholme (Blackpool Tramway),Anchorsholme,331536.0,442192.3333333333
Angel,Angel,531467.0,183206.75
Arbourthorne Road,Norfolk Park,436830.6666666667,385314.0
Archway,Archway,529374.5,186814.8333333333
Arena Tram ,Woodside,535215.3333333334,167542.0
Arena/Olympic Legacy Park,Don Valley,438629.6666666667,389195.8333333333
Arnos Grove,Arnos Grove,529343.0,192475.5
Arsenal,Arsenal,531355.0,186103.5
Ashey (Isle of Wight Steamway),Ashey,457786.5,88831.5
Ashton Moss (Manchester Metrolink),Ashton Moss,392006.6666666667,398556.3333333333
Ashton West (Manchester Metrolink),Ashton Moss,392816.4,399284.6
Ashton-Under-Lyne (Manchester Metrolink),Ashton-under-Lyne,393592.6666666667,399295.6666666667
Attercliffe,Attercliffe,438004.1666666667,388536.1666666667
Audenshaw (Manchester Metrolink),Audenshaw,391400.0,397948.3333333333
Avenue Road Tram ,Penge & Sydenham,535782.5,169340.5
Aviemore (Strathspeyway),Aviemore,289585.0,812340.0
Aylsham (Bure Valleyway),Aylsham,619560.0,326495.0
Baguley (Manchester Metrolink),Baguley,380647.0,388934.25
Baker Street,Baker Street,527952.5,182024.375
Bala (Bala Lakeway),Bala,292971.0,334985.0
Balfour Street (Edinburgh Trams),Pilrig,326672.0,675331.0
Balgreen (Edinburgh Trams),Balgreen,321876.0,672382.0
Balham,Balham,528464.875,173207.625
Bamforth Street,Langsett Road,433837.1666666667,389237.6666666667
Bank,City of London,532720.1282051281,181096.358974359
Bank Foot (Tyne and Wear Metro),Kenton Bank Foot,420683.0,568877.0
Bankhead (Edinburgh Trams),Sighthill,319282.0,671409.0
Barbican,Barbican,532076.0,181867.5
Barking Underground,Barking,544421.0,184321.0
Barkingside,Barkingside,544788.0,189499.0
Barlow Moor Road,Chorltonville,382213.5,392929.3333333334
Barmouth Ferry (Fairbourneway),Barmouth,261725.0,315020.0
Barons Court,Barons Court,524128.5,178334.5
Barton Dock Road (Manchester Metrolink),Trafford Park,377390.2,396610.4
Basford Tram ,Basford,455258.0,343015.6666666667
Battersea Power Underground,Nine Elms,529103.0,177289.5
Beaconsfield Street Tram ,Forest Fields,455798.5,341742.5
Beckenham Junction Tram ,Beckenham,537372.5,169808.0
Beckenham Road Tram ,Penge & Sydenham,536177.5,169639.5
Beckfoot (Ravenglass and Eskdaleway),Beckfoot,316854.0,500458.0
Beckton,Beckton,543112.0,181504.0
Beckton Park,Beckton Park,542701.5,180901.5
Becontree,Becontree Heath,547622.0,184529.5
Bedale (Wensleydaleway),Bedale,426950.0,488243.0
Beddgelert (Welsh Highland Rly-Caernarfon),Beddgelert,258640.0,348168.0
Beddington Lane Tram ,Beddington Corner,529379.5,167210.0
Bede (Tyne and Wear Metro),Bede,434335.0,564555.0
Beeston Centre Tram ,Beeston,452885.0,336725.0
Beighton - Drake House Lane,Beighton,443541.0,382954.0
Beighton-Drake House Lane to City,Beighton,443541.0,382953.5
Beighton-Drake Hse Ln Entrance,Beighton,443528.0,382955.0
Belgrave Walk Tram ,Morden,526820.0,168453.66666666666
Belsize Park,Belsize Park,527358.0,185092.5
Benchill (Manchester Metrolink),Benchill,383061.3333333333,387834.6666666667
Benton (Tyne and Wear Metro),Benton,427738.0,568880.0
Bermondsey,Bermondsey,534504.5,179455.5
Berwyn (Llangollenway),Berwyn,319844.0,343165.0
Besses o'th'barn (Manchester Metrolink),Besses O Th Barn,381127.0,405087.3333333333
Bethnal Green,Bethnal Green,534989.0,182726.25
Bilston Central (Midland Metro ),Bilston,395013.3333333333,296442.3333333333
Birkbeck Tram ,Anerley,535349.5,168985.0
Birkhill (BoÃ¢ÂÂness & Kinneilway),Boness,296508.0,679062.0
Birley Lane,Birley,440089.8333333333,382777.3333333333
Birley Moor Road,Owlthorpe,440798.8333333333,382915.5
Birmingham International Airport (Air-Rail link),Birmingham Airport,418292.0,283936.0
Birmingham Intl (Air-Rail Link),Birmingham Airport,418707.0,283647.0
Bishops Lydeard (West Somersetway),Bishops Lydeard,316386.5,129034.5
Bispham (Blackpool Tramway),Bispham,330792.0,439744.6666666667
Bitton (Avon Valleyway),Bitton,366990.0,170257.0
Black Lake (Midland Metro ),Black Lake,399356.0,292515.5
Blackfriars,Blackfriars,531668.0,180891.5
Blackhorse Lane Tram ,Woodside,534352.0,166837.5
Blackhorse Road Underground,Blackhorse Road,535805.0,189380.0
Blackwall,Blackwall,538412.0,180671.5
Blue Anchor (West Somersetway),Blue Anchor,302178.0,143429.0
Boat of Garten (Strathspeyway),Boat of Garten,294350.0,818850.0
Bodiam (Kent & East Sussexway),Bodiam,578317.5,125003.0
Bodmin General (Bodmin & Wenfordway),Bodmin,207325.0,66366.0
Bodmin Parkway (Bodmin and Wenfordway),Bodmin,211100.0,64120.5
Bolton Abbey (Embsay & Bolton Abbeyway),Bolton Abbey,406136.0,453370.0
Bond Street,Bond Street,528511.0714285714,181107.2142857143
Borough,The Borough,532456.75,179728.0
Boscarne Junction (Bodmin and Wenfordway),Dunmere,204153.5,67435.5
Boston Manor,Boston Manor,516394.5,178752.5
Bounds Green,Bounds Green,529985.5,191460.0
Bow Church,Bow,537383.0,182847.5
Bow Road,Bow,537099.0,182750.0
Bowker Vale (Manchester Metrolink),Bowker Vale,383578.3333333333,403136.3333333333
BoÃ¢ÂÂness (BoÃ¢ÂÂness & Kinneilway),Boness,300332.0,681714.0
Bradley Lane (Midland Metro ),Lower Bradley,396212.0,295315.5
Bramcote Lane Tram ,Chilwell,451449.0,336289.0
Brechin (Caledonianway),Brechin,360197.0,760166.0
Brent Cross,Brent Cross,523896.75,187946.5
Bridge Street SPT Subway,Tradeston,258702.0,664393.5
Bridge of Dun (Caledonianway),Bridge of Dun,366430.0,758750.0
Brindleyplace (Midland Metro ),Birmingham,406048.0,286536.0
Brixton,Brixton,531050.5,175425.0
Broadwater (Blackpool Tramway),Broadwater,332278.3333333333,445797.0
Broadway (Manchester Metrolink),Broadway,380520.0,397601.8
Brockley Whins (Tyne and Wear Metro),Brockley Whins,434591.0,562900.0
Bromley-By-Bow,Bromley By Bow,538054.0,182527.5
Brooklands (Manchester Metrolink),Brooklands,378438.0,391198.5
Broomhill (Strathspeyway),Nethy Bridge,299610.0,822645.0
Brynglas (Talyllynway),Brynglas Sta,262850.0,303121.0
Buchanan Street SPT Subway,Glasgow,259069.0,665549.0
Buckfastleigh (South Devonway),Buckfastleigh,274602.0,66280.0
Buckhurst Hill Underground,Buckhurst Hill,541763.5,193886.5
Bull Street (Midland Metro ),Birmingham,407139.0,287110.0
Bulwell Forest Tram ,Bulwell Forest,454423.3333333333,345663.0
Bulwell Tram ,Bulwell,454084.3333333333,345005.3333333333
Burlington Road West (Blackpool Tramway),South Shore,330538.3333333333,432851.0
Burmarsh Road (RHDR),Dymchurch,610717.5,130599.0
Burnt Oak,Burnt Oak,520324.5,190743.0
Burton Road (Manchester Metrolink),West Didsbury,384125.6666666667,392493.6666666667
Bury (Manchester Metrolink),Bury,380426.0,410527.3
Bury Bolton Street (East Lancashireway),Bury,380260.0,410816.0
Tram& Bus Interchange,Beeston,452886.0,336725.0
Butler's Hill Tram ,Butlers Hill,454514.0,348265.0
Byker (Tyne and Wear Metro),Byker,427010.0,564695.0
Cabin (Blackpool Tramway),North Shore,330687.3333333333,438499.3333333333
Caernarfon (Welsh Highland Rly-Caernarfon),Caernarfon,248126.0,362444.0
Caledonian Road,Caledonian Road,530570.0,184972.5
Callerton Parkway (Tyne and Wear Metro),Callerton Parkway,419003.0,570447.0
Camden Town,Camden Town,528905.75,183899.0
Canada Water Underground,Canada Water,535475.0,179470.0
Canary Wharf DLR,Canary Wharf,537455.0,180311.6
Canary Wharf Underground,Canary Wharf,537664.25,180144.5
Canning Town,Canning Town,539449.5555555555,181364.77777777778
Cannon Street,Cannon Street,532606.5,180899.25
Canons Park,Canons Park,518190.5,191242.75
Capel Bangor (Vale of Rheidolway),Capel-Bangor,264744.0,279807.0
Carbrook,Carbrook,439263.3333333333,390017.0
Carrog (Llangollenway),Carrog,311780.0,343524.0
Castle Caereinion (W&LLR),Castle Caereinion,316080.0,305895.0
Castle Square,Sheffield Centre,435612.8333333333,387492.6666666667
Cathedral,Sheffield Centre,435414.8333333333,387434.6666666667
Cator Lane,Chilwell,451768.25,336408.75
Cavendish Road (Blackpool Tramway),North Shore,330779.6666666667,439440.6666666667
Cemetery Road (Manchester Metrolink),Droylsden,389812.8,398136.6
Centenary Square (Midlands Metro ),Birmingham,406317.0,286752.0
Central (Tyne and Wear Metro),Newcastle upon Tyne,424673.0,563900.0
Central Park,Newton Heath,386891.3333333334,400560.0833333334
Central Pier (Blackpool Tramway),Bloomfield,330592.3333333333,435574.6666666667
Centrale Tram ,Croydon,532075.5,165794.5
Cessnock SPT Subway,Cessnock,256472.5,664480.5
Chalfont & Latimer Underground,Little Chalfont,499639.0,197561.33333333334
Chalk Farm,Chalk Farm,528146.0,184408.5
Chancery Lane,Chancery Lane,531130.8333333333,181611.1666666667
Charing Cross,Charing Cross,530109.125,180434.8333333333
Cheddleton (Churnet Valleyway),Cheddleton,398255.0,352050.0
Cheltenham Racecourse (Gloucs Warwicksway),Cheltenham,395331.0,225037.0
Chesham Underground,Chesham,496070.0,201634.0
Chichester (Tyne and Wear Metro),Chichester,436455.0,565905.0
Chigwell Underground,Chigwell,543737.6666666666,193046.0
Chillingham Road (Tyne and Wear Metro),Heaton,427510.0,565442.0
Chilwell Road,Chilwell,452524.25,336427.0
Chiswick Park,Chiswick Park,520345.1666666666,178703.0
Chorleywood Underground,Chorleywood,502589.3333333333,196091.66666666666
Chorlton (Manchester Metrolink),Chorlton,381936.5,394026.0
Church Street Tram ,Croydon,532024.5,165565.0
Churston (Paignton and Dartmouthway),Churston,289435.0,56290.0
Cinderhill Tram ,Cinderhill,453754.6666666667,343814.3333333333
City Hall,Sheffield Centre,435160.6666666667,387341.5
Clapham Common,Clapham Common,529427.5,175281.8333333333
Clapham North,Clapham North,530011.0,175679.0
Clapham South,Clapham South,528806.5,174270.5
Clayton Hall (Manchester Metrolink),Clayton,387993.2,398464.6
Cleveleys (Blackpool Tramway),Cleveleys,331739.6666666667,442880.6666666667
Cliffs Hotel (Blackpool Tramway),North Shore,330675.6666666667,438259.3333333333
Clifton Centre Tram ,Clifton,455456.0,334348.3333333333
Clifton Park and Ride,Clifton,454348.0,333499.0
Clifton South Tram ,Clifton,454406.0,333550.0
Cockfosters,Cockfosters,528120.25,196369.875
Colesloggett Halt (Bodmin and Wenfordway),Bodmin,210278.0,65637.5
Colindale,Colindale,521320.0,189954.0
Colliers Wood,Colliers Wood,526785.75,170368.0
Colyford (Seaton Tramway),Colyford,325406.0,92673.5
Colyton (Seaton Tramway),Colyton,325165.0,94078.0
Compton Acres Tram ,Compton Acres,456744.0,336071.0
Coombe Lane Tram ,Upper Shirley,535228.6666666666,164084.0
Corfe Castle (Swanageway),Corfe Castle,396200.5,82068.5
Cornbrook (Manchester Metrolink),Cornbrook,382334.0,397067.5
Corporation Street (Midland Metro ),Birmingham,407008.0,286816.5
Covent Garden,Covent Garden,530257.0,181016.75
Cowcaddens SPT Subway,Glasgow,258681.0,666187.0
Cricket Inn Road,Park Hill,436905.5,387605.0
Crossacres (Manchester Metrolink),Wythenshawe,383050.8,387415.8
Crossharbour,Crossharbour,537929.25,179287.75
Crowcombe Heathfield (West Somersetway),Crowcombe Heathfield,313700.0,134285.0
Croxley Underground,Croxley Green,507912.0,195400.5
Crumpsall (Manchester Metrolink),Higher Crumpsall,384102.0,402311.0
Crystal Peaks,Crystal Peaks,442967.0,382947.1666666667
Cullercoats (Tyne and Wear Metro),Cullercoats,436130.0,571315.0
Custom House,Custom House,540757.75,180909.75
Cutty Sark for Maritime Greenwich,Cutty Sark,538233.5,177728.0
Cyprus,Cyprus,543324.25,180842.25
Dagenham East,Dagenham East,550296.5,185030.5
Dagenham Heathway,Dagenham,549031.5,184719.0
Dalegarth (Ravenglass and Eskdaleway),Dalegarth,317361.0,500716.0
Damems (Keighley & Worth Valleyway),Hainworth,405075.0,438860.0
Dane Road (Manchester Metrolink),Sale,379399.0,392646.5
Darley Dale (Peak),Darley Dale,427241.0,362643.0
Dartmouth St (Midland Metro ),Lamberts End,399789.0,291398.5
David Lane Tram ,Basford,455006.3333333333,343374.6666666667
Dean Forestway,Parkend,362660.6666666667,205158.33333333334
Deansgate-Castlefield (Manchester Metrolink),Manchester City Centre,383444.5,397581.5
Debden Underground,Debden,544282.0,196119.0
Deptford Bridge,Deptford Bridge,537436.5,176890.5
Dereham (Mid Norfolkway),Dereham,599352.0,313090.0
Derker (Manchester Metrolink),Derker,393355.0,405931.0
Devils Bridge (Vale of Rheidolway),Devils Bridge,273879.0,276930.0
Devons Road,Devons Road,537633.5,182280.0
Didsbury Village (Manchester Metrolink),Didsbury,384887.6666666667,391150.6666666667
Dinas (Welsh Highland Rly-Caernarfon),Llanwnda,247683.0,358707.0
Dolgoch Falls (Talyllynway),Dol-goch,265115.0,304579.0
Dollis Hill,Dudden Hill,522191.5,185145.75
Donetsk Way,Owlthorpe,442019.3333333333,382943.0
Doniford Beach (West Somersetway),Doniford,308436.5,142943.0
Droylsden (Manchester Metrolink),Droylsden,390487.3333333333,398094.3333333333
Drummuir (Keith and Dufftownway),Drummuir,337740.0,844133.0
Dudlay St Guns Village (Midland Metro ),Guns Village,399514.0,291917.5
Duffield (Ecclesbourne Valleyway),Duffield,434564.0,343545.0
Dufftown (Keith and Dufftownway),Dufftown,332258.0,841404.0
Dundonald Road Tram ,Wimbledon,524736.0,170243.5
Dungeness (RHDR),Dungeness,608895.0,116980.5
Dunster (West Somersetway),Dunster,299575.0,144750.0
Dymchurch (RHDR),Dymchurch,609818.5,129349.0
Ealing Broadway Underground,Ealing Broadway,517958.0,180933.0
Ealing Common,Ealing Common,518889.0,180422.0
Earl's Court,Earls Court,525482.75,178513.75
East Acton,East Acton,521706.5,181197.5
East Boldon (Tyne and Wear Metro),East Boldon,437190.0,561492.0
East Croydon Tram ,Croydon,532867.5,165706.5
East Didsbury (Manchester Metrolink),East Didsbury,385650.75,390570.0
East Finchley,East Finchley,527242.25,189166.75
East Ham,East Ham,542355.75,184231.0
East India,East India,538733.0,180838.1666666667
East Putney,East Putney,524395.0,174874.0
Eastcote,Eastcote,511156.25,187620.25
Eccles (Manchester Metrolink),Eccles,377895.0,398535.3333333333
Edgbaston Village (Midland Metro ),Birmingham,405290.0,286010.0
Edge Lane (Manchester Metrolink),Droylsden,389122.0,398251.0
Edgware,Edgware,519509.25,191938.25
Edgware Road (Bakerloo line),Edgware Road,527105.3333333334,181721.66666666666
Edgware Road (Circle line),Edgware Road,527235.5,181707.25
Edinburgh Airport (Edinburgh Trams),Edinburgh Airport,315132.0,673567.0
Edinburgh Park (Edinburgh Trams),Edinburgh Park,318435.0,671260.0
Edinburgh Park Central (Edinburgh Trams),Edinburgh Park,317953.0,671697.0
Edinburgh way (Edinburgh Trams),Gogar,317537.0,672724.0
Elephant & Castle,Elephant & Castle,531950.75,179029.75
Elm Park,Elm Park,552560.0,185730.5
Elmers End,Elmers End,535781.0,168411.0
Elverson Road,Elverson Road,537866.0,176304.0
Embankment,Embankment,530400.75,180358.0
Embsay (Embsay & Bolton Abbeyway),Embsay,400643.0,453282.0
Epping Underground,Epping,546188.5,201555.0
Eridge (Spa Valleyway),Eridge Green,554277.5,134505.0
Eskdale Drive,Chilwell,450987.0,336147.0
Eskdale Drive Tram ,Chilwell,450987.0,336147.0
Eskdale Green (Ravenglass and Eskdaleway),Eskdale,314540.0,499845.0
Etihad Campus (Manchester Metrolink),Sportcity,386720.75,398732.75
Euston Square,Euston Square,529426.0,182388.25
Euston Underground,Euston,529555.0,182660.0
Exchange  (Manchester Metrolink),Salford Quays,381348.6666666667,396775.6666666667
Exchange Square (Manchester Metrolink),Manchester City Centre,383995.6666666667,398667.3333333333
Eythorne (East Kentway),Eythorne,628141.5,149523.5
Failsworth (Manchester Metrolink),Failsworth,389276.0,401543.0
Fairbourne (Fairbourneway),Fairbourne,261570.0,312850.0
Fairlop,Fairlop,544922.0,190598.0
Farringdon,Farringdon,531577.75,181870.0
Fawdon (Tyne and Wear Metro),Fawdon,422825.0,568855.0
Fellgate (Tyne and Wear Metro),Fellgate,433030.0,562645.0
Felling (Tyne and Wear Metro),Felling,427555.0,562120.0
Ferry Meadows (Nene Valleyway),Ferry Meadows,515187.0,297046.0
Fieldway Tram ,Forestdale,537673.0,163211.5
Finchley Central,Finchley Central,525276.0,190663.0
Finchley Road,Finchley Road,526311.0,184676.0
Finghall (Wensleydaleway),Finghall,418473.0,490045.0
Finsbury Park,Finsbury Park,531317.625,186749.375
Firswood (Manchester Metrolink),Firswood,381644.5,394994.5
Fisherground (Ravenglass and Eskdaleway),Eskdale,315072.0,500207.0
Fisherman's Walk (Blackpool Tramway),Fleetwood,333280.3333333333,447540.0
Fitz Sq/Ponds Forge to Mdwhall-Halfwy,Sheffield Centre,435757.75,387502.5
Fitzalan Sq - Ponds Forge,Sheffield Centre,435758.0,387503.0
Five Ways (Midland Metro ),Birmingham,405850.0,286314.0
Fleetwood Ferry (Blackpool Tramway),Fleetwood,333909.5,448412.5
Foot of the Walk (Edinburgh Trams),Leith,327002.0,675928.0
Four Lane Ends (Tyne and Wear Metro),Four Lane Ends,427048.0,568477.0
Freehold (Manchester Metrolink),Chadderton,390948.6666666667,404565.6666666667
Fulham Broadway,Fulham Broadway,525411.5,177225.0
Gallions Reach,Gallions Reach,543872.5,180914.0
Gants Hill,Gants Hill,543275.9,188442.85
Gatwick North Terminal Shuttle,Gatwick Airport,527595.0,141774.0
Gatwick South Terminal Shuttle,Gatwick Airport,528658.5,141368.0
George Street Tram ,Croydon,532430.0,165595.0
Glanrafon (Vale of Rheidolway),Glanyrafon,261511.0,280458.0
Gleadless Townend,Gleadless Townend,438314.6666666667,383387.0
Glengonnar (Leadhills and Wanlockheadway),Wanlockhead,288046.0,613444.0
Gloucester Road,Gloucester Road,526258.0,178837.5
Glyndyfrdwy (Llangollenway),Glyndyfrdwy,315039.0,342893.0
Goathland (North Yorkshire Moorsway),Goathland,483707.0,501337.0
Gogarburn (Edinburgh Trams),Gogar,316876.0,672454.0
Golders Green,Golders Green,525248.25,187478.0
Goldhawk Road,Goldhawk Road,523173.0,179606.0
Goodge Street,Goodge Street,529531.0,181840.0
Goodrington (Paignton and Dartmouthway),Paignton,289140.0,59560.0
Gotherington (Gloucs Warwicksway),Gotherington,397506.0,229864.0
Govan SPT Subway,Govan,255486.5,665650.0
Grange Hill Underground,Grange Hill,544947.5,192581.5
Granville Rd - Sheffield College,Park Hill,435936.0,386527.0
Granville Rd-Sheff Coll to City,Norfolk Park,435935.75,386527.25
Gravel Hill Tram ,Forestdale,536384.5,163544.0
Great Centralway,Birstall,458721.0,308206.0
Great Portland Street,Great Portland Street,528856.0,182177.75
Green Park,Green Park,528985.8,180288.3
Greenford Underground,Greenford,514795.0,183910.0
Greenway Halt,Galmpton,288264.5,55250.0
Greenwich,Greenwich,537975.0,177350.5
Gregory Street Tram ,Lenton,455399.0,338815.0
Groombridge (Spa Valleyway),Groombridge,553266.0,137076.5
Gunnersbury Underground,Gunnersbury,519836.0,178394.0
Gyle Centre (Edinburgh Trams),South Gyle,317750.0,672440.0
Gynn Square (Blackpool Tramway),Claremont,330663.6666666667,438013.6666666667
Hackenthorpe,Hackenthorpe,441305.3333333333,383142.6666666667
Hadrian Road (Tyne and Wear Metro),Hadrian Road,431071.0,566512.0
Hainault,Hainault,545065.0,191514.0
Halfway,Halfway Tram Stop,443765.5,381490.5
Hammersmith (H&C Line) Underground,Hammersmith,523370.0,178602.5
Hammersmith (H&C and Circle Lines),Hammersmith,523371.5,178590.25
Hampstead,Hampstead,526379.5,185770.75
Handsworth Booth St (Midland Metro ),Handsworth,403343.0,289341.5
Hanger Lane,Hanger Lane,518530.75,182609.5
Harbour City (Manchester Metrolink),The Lowry,380769.4,397522.8
Harlesden Underground,Harlesden,520925.0,183372.0
Harman's Cross (Swanageway),Harmans Cross,398269.5,80009.5
Harrington Road Tram ,South Norwood,535012.5,168516.0
Harrow & Wealdstone Underground,Harrow & Wealdstone,515420.0,189470.0
Harrow Place (Blackpool Tramway),Harrowside,330380.3333333333,432311.6666666667
Harrow-on-the-Hill Underground,Harrow,515314.0,188013.0
Haste Hill (Ruislip Lidoway),Ruislip Common,508913.0,189802.0
Hatton Cross,Hatton Cross,509635.5,175375.75
Havenstreet (Isle of Wight Steamway),Havenstreet,455552.5,89783.0
Haverthwaite (Lakeside and Haverthwaite Rly),Haverthwaite,334943.0,484240.0
Haworth (Keighley & Worth Valleyway),Haworth,403462.0,437220.0
Haymarket (Edinburgh Trams),Haymarket,323920.0,673200.0
Haymarket (Tyne and Wear Metro),Newcastle upon Tyne,424812.0,564835.0
Heathfield Road (Blackpool Tramway),Broadwater,332609.6666666667,446476.3333333333
Heathrow Terminal 4,Heathrow Airport Terminal 4,508110.5,174470.5
Heathrow Terminal 5 Underground,Heathrow Airport Terminal 5,504940.0,175645.0
Heathrow Terminals 2 & 3 Underground,Heathrow Airport Terminals 1-3,507576.85714285716,175792.0
Heaton Park (Manchester Metrolink),Heaton Park,382411.3333333333,403780.3333333333
Hebburn (Tyne and Wear Metro),Hebburn,430792.0,564663.0
Hendon Central,Hendon Central,522962.5,188632.0
Herdings - Leighton Road,Herdings,437884.0,382988.0
Herdings Park,Herdings,437411.25,382984.5
Herdings-Leighton Rd to City,Herdings,437884.5,382987.75
Heron s,Heron Quays,537426.0,180115.5
Heworth (Tyne and Wear Metro),Heworth,428593.0,561982.0
Heywood (East Lancashireway),Heywood,386388.0,410287.0
High Barnet,Barnet,525021.5,196172.75
High Road,Chilwell,452320.0,336267.25
High Rocks (Spa Valleyway),Ramslye,555796.0,138251.5
High School Tram ,Arboretum,456410.3333333333,340893.6666666667
High Street Kensington,High Street Kensington,525531.5,179559.5
Highbury & Islington Underground,Highbury & Islington,531615.0,184755.0
Highbury Vale Tram ,Highbury Vale,454465.0,343901.8
Highgate,Highgate,528566.8333333333,188155.5
Hillhead SPT Subway,Hillhead,256611.5,667058.0
Hillingdon,North Hillingdon,507595.0,185010.5
Hillsborough,Hillsborough,433343.3333333333,389580.0
Hillsborough Park,Hillsborough,433095.8333333333,389845.5
Holborn,Holborn,530525.0,181519.75
Holland Park,Holland Park,524626.5,180227.5
Hollinsend,Gleadless,438405.6666666667,384048.3333333333
Hollinwood (Manchester Metrolink),Hollinwood,390328.6,402603.6
Holloway Road,Holloway Road,530926.0,185455.0
Holt (North Norfolkway),Holt,609425.0,339460.0
Holt Town (Manchester Metrolink),Holt Town,386021.0,398526.6666666667
Holy Trinity Tram ,Clifton,455175.0,333599.3333333333
Hornchurch,Hornchurch,553949.5,186245.5
Horsted Keynes (Bluebellway),Horsted Keynes,537160.0,129240.0
Hounslow Central,Hounslow Central,513533.0,175962.5
Hounslow East,Hounslow East,514233.5,176202.0
Hounslow West,Hounslow West,512188.0,176156.5
Hoveton (Bure Valleyway),Hoveton,630303.0,318641.5
Howdon (Tyne and Wear Metro),Howdon,432440.0,566900.0
Hucknall Tram ,Hucknall,454004.3333333333,349324.6666666667
Hyde Park,Hyde Park,436520.3333333333,387670.0
Hyde Park Corner,Hyde Park Corner,528331.9285714286,179861.7857142857
Hyson Green Market Tram ,Hyson Green,455783.0,341304.0
Hythe (RHDR),Hythe,615317.5,134703.0
IFS Cloud Greenwich Peninsula,North Greenwich,539487.0,179774.5
Royal Victoria,Royal Victoria,540153.0,180772.75
Ibrox SPT Subway,Cessnock,255839.0,664782.0
Ickenham,Ickenham,508098.5,185942.0
Idridgehay (Ecclesbourne Valleyway),Idridgehay,428973.5,348826.5
Ilford Road (Tyne and Wear Metro),West Jesmond,424993.0,567357.0
Imperial War Museum (Manchester Metrolink),Trafford Park,380394.6666666667,396916.6666666667
Infirmary Road,Upperthorpe,434515.6666666667,388351.6666666667
Ingliston Park & Ride (Edinburgh Trams),Ingliston,315400.0,672762.0
Ingrow West (Keighley & Worth Valleyway),Ingrow,405690.0,439730.0
Inham Road,Chilwell,450427.0,336055.75
Irton Road (Ravenglass and Eskdaleway),Eskdale Green,313717.0,499966.0
Island Gardens,Island Gardens,538257.5,178418.0
Jarrow (Tyne and Wear Metro),Jarrow,432505.0,565105.0
Jesmond (Tyne and Wear Metro),Jesmond,425347.0,565457.0
Jewellery Quarter (Midland Metro ),Jewellery Quarter,405992.0,287975.5
Keith Town (Keith and Dufftownway),Keith,342894.0,850800.0
Kelvinbridge SPT Subway,Kelvinbridge,257474.0,666920.0
Kelvinhall SPT Subway,Partick,256179.5,666574.5
Kennington,Kennington,531611.5,178294.5
Kenrick Park (Midland Metro ),West Bromwich,401335.0,290065.0
Kensal Green Underground,Kensal Green,523220.0,182785.0
Kensington (Olympia) Underground,Olympia,524350.0,179150.0
Kentish Town Underground,Kentish Town,529010.0,185129.0
Kenton Underground,Kenton,516715.0,188330.0
Kew Gardens Underground,Kew Gardens,519182.0,176738.0
Kilburn,Brondesbury,524626.5,184636.0
Kilburn Park,Kilburn Park,525365.5,183335.5
King George V.,Silvertown,543253.5,180130.0
King Henry's Drive Tram ,New Addington,537970.0,162576.0
King's Cross St. Pancras Underground,Kings Cross,530209.5,182988.85714285713
Kingsbury,Kingsbury,519351.0,188742.5
Kingscote (Bluebellway),Kingscote,536732.5,135558.0
Kingsley & Froghall (Churnet Valleyway),Froghall,402475.0,347145.0
Kingston Park (Tyne and Wear Metro),Kingston Park,421515.0,568920.0
Kingsway (Manchester Metrolink),Milnrow,391908.25,412738.75
Kingswear (Paignton and Dartmouthway),Kingswear,288185.0,51057.0
Kinneil (BoÃ¢ÂÂness & Kinneilway),Boness,298819.0,681411.0
Kinning Park SPT Subway,Kinning Park,256869.0,664285.5
Kirkhaugh (South Tynedaleway),Kirkhaugh,369468.0,549950.0
Knightsbridge,Knightsbridge,527759.625,179665.875
Lace Market Tram ,Lace Market,457509.6666666667,339854.3333333333
Ladbroke Grove,Ladbroke Grove,524281.0,181353.0
Ladywell (Manchester Metrolink),Ladywell,378414.4,398632.6
Lakeside (Lakeside & Haverthwaite Rly),Lakeside,337871.0,487393.0
Lambeth North,Lambeth North,531131.5,179454.5
Lancaster ,Lancaster Gate,526709.5,180775.0
Langdon Park,All Saints,537888.25,181449.0
Langsett - Primrose View,Langsett Road,434054.0,388891.0
Langsett-Prim Vw  to City,Langsett Road,434054.0,388891.25
Langworthy (Manchester Metrolink),Langworthy,380445.0,398249.3333333333
Latimer Road,Latimer Road,523772.5,180907.5
Laverton (Gloucs Warwicksway),Laverton,406669.0,235863.0
Leadhills (Leadhills and Wanlockheadway),Leadhills,288615.0,614453.0
Lebanon Road Tram ,Addiscombe,533383.0,165756.0
Leeming Bar (Wensleydaleway),Leeming Bar,428658.0,490067.0
Leicester North (Great Centralway),Birstall,458697.0,308065.0
Leicester Square,Leicester Square,529981.5,180830.375
Leppings Lane,Hillsborough,433053.8333333333,390496.8333333333
Levisham (North Yorkshire Moorsway),Levisham,481807.0,490988.0
Lewisham,Lewisham,538121.0,175855.75
Leyburn (Wensleydaleway),Leyburn,411763.0,490304.0
Leyton,Leyton,538355.0,186068.5
Leytonstone,Leytonstone,539264.75,187398.0
Limehouse,Limehouse,536140.5,181090.5
Lindel Road (Blackpool Tramway),Fleetwood,332859.0,446870.0
Lintley (South Tynedaleway),Slaggyford,368690.5,551063.5
Little Bispham (Blackpool Tramway),Little Bispham,331213.3333333333,441590.3333333333
Liverpool Street,Liverpool Street,533131.25,181575.5
Llanbadarn (Vale of Rheidolway),Llanbadarn Fawr,259828.0,280688.0
Llanberis (Snowdon Mountainway),Llanberis,258230.0,359726.0
Llanfair Caereinion (W&LLR),Llanfair Caereinion,310605.0,306805.0
Llangollen (Llangollenway),Llangollen,321440.0,342216.0
Llangower (Bala Lakeway),Llangower,290305.0,332136.0
Llanuwchllyn (Bala Lakeway),Llanuwchllyn,288044.0,330032.0
Lloyd Park Tram ,South Croydon,533655.5,164541.5
Lodge Rd West Bromwich Town Hall (Metro ),Lamberts End,400115.0,291198.5
London Bridge,London Bridge,532772.5,180264.3333333333
London City Airport,Silvertown,542308.5,180256.6666666667
London Street (Blackpool Tramway),Fleetwood,333676.6666666667,447860.3333333333
Longbenton (Tyne and Wear Metro),Longbenton,426220.0,568325.0
Loughborough Central (Great Centralway),Loughborough,454349.0,319327.0
Loughton Underground,Loughton,542321.0,195638.5
Lowther Avenue (Blackpool Tramway),North Shore,330723.0,438929.0
Loxdale (Midland Metro ),Bradley,395656.0,295777.5
Lydney Junction (Dean Forestway),Lydney,363397.0,202011.5
Lydney Town (Dean Forestway),Lydney,363328.0,203186.0
Maida Vale,Maida Vale,525941.75,182772.75
Malin Bridge,Malin Bridge,432792.5,389425.0
Manchester Airport (Manchester Metrolink),Manchester Airport,381951.0,385406.0
Manchester Square (Blackpool Tramway),Bloomfield,330587.0,435162.3333333333
Manor House,Manor House,532051.1428571428,187482.64285714284
Manor Top,Manor Top,438121.6666666667,384910.5
Manors (Tyne and Wear Metro),Manors,425394.0,564450.0
Mansion House,Mansion House,532363.1,180977.0
Manuel (Bo'ness & Kinneilway),Boness,296676.0,677316.0
Marble Arch,Marble Arch,527854.9615384615,180941.88461538462
Market Street (Manchester Metrolink),Manchester City Centre,384251.6666666667,398379.6666666667
Martinscroft (Manchester Metrolink),Newall Green,381473.75,388369.0
Marylebone Underground,Marylebone,527530.0,181977.0
Matlock (Peak),Matlock,429606.5,360214.5
McDonald Road (Edinburgh Trams),Broughton,326338.0,674815.0
Meadow Well (Tyne and Wear Metro),Meadow Well,434302.0,567585.0
Meadowhall Interchange,Meadowhall,439104.5,391310.0
Meadowhall Sth/Tinsley to City,Meadowhall,439645.75,390989.5
Meadowhall South - Tinsley,Meadowhall,439646.0,390990.0
Meadows Embankment Tram ,Meadows,456974.6666666667,338297.6666666667
Meadows Way West Tram ,Meadows,456767.0,338776.0
MediaCityUK,MediaCityUK,380383.25,397312.75
Medstead & Four Marks (Mid Hantsway),Four Marks,466896.0,135348.0
Meldon Quarry (Dartmoorway),Meldon,256576.5,92437.0
Merton Park Tram ,Merton,525157.0,169862.0
Middle Street,Beeston,453267.0,337008.25
Middlewood,Middlewood,432655.25,391125.5
Mile End,Mile End,536518.0,182529.5
Mill Hill East,Mill Hill East,524058.5,191452.5
Millfield (Tyne and Wear Metro),Millfield,438485.0,557038.0
Milnrow (Manchester Metrolink),Milnrow,392674.0,412399.6
Minehead (West Somersetway),Minehead,297475.0,146325.0
Mitcham Junction,Mitcham,528240.0,167583.0
Mitcham Tram ,Mitcham,527284.0,168097.0
Miteside (Ravenglass and Eskdaleway),Muncaster,310182.0,498187.0
Monkseaton (Tyne and Wear Metro),Monkseaton,434782.0,572090.0
Monsall (Manchester Metrolink),Monsall,386093.5,400514.5
Monument,Monument,532901.3,180833.5
Monument (Tyne and Wear Metro),Newcastle upon Tyne,424837.0,564410.0
Moor Bridge Tram ,Moor Bridge,454641.0,346666.6666666667
Moor Park Underground,Moor Park,508600.6666666667,193492.33333333334
Moor Road (Manchester Metrolink),Baguley,380479.6666666667,389654.3333333333
Moorgate Underground,Moorgate,532737.0,181649.0
Morden,Morden,525676.0,168557.25
Morden Road Tram ,Merton Park,525799.0,169304.0
Mornington Crescent,Mornington Crescent,529178.0,183363.0
Moss Way,Waterthorpe,442531.8333333333,382997.1666666667
Mudchute,Mudchute,537921.5,178750.5
Muncaster Mill (Ravenglass and Eskdaleway),Muncaster,309513.0,497688.0
Murrayfield Stadium (Edinburgh Trams),Gorgie,322821.0,672795.0
Murthwaite (Ravenglass and Eskdaleway),Muncaster,311635.0,499207.0
NG2 Tram ,Lenton Lane Industrial Estate,456196.0,338598.3333333333
NTU Tram ,Nottingham Trent University in City Centre,456848.0,340404.3333333333
Nantmor (Welsh Highland Rly-Caernarfon),Nantmor,259869.0,346081.0
Nantyronen (Vale of Rheidolway),Nantyronen,267496.0,278159.0
Navigation Road (Manchester Metrolink),Navigation Road,377261.3333333333,388792.3333333333
Neasden,Neasden,521438.5,185353.0
Netherthorpe Road,Netherthorpe,434502.0,387650.75
New Addington Tram ,New Addington,538192.0,162249.5
New Islington (Manchester Metrolink),New Islington,385526.25,398280.0
New Romney (RHDR),New Romney,607423.0,124840.0
Newbold (Manchester Metrolink),Newbold,391128.0,412983.6666666667
Newbury Park,Newbury Park,544948.5,188378.5
Newby Bridge (Lakeside and Haverthwaite Rly),Newby Bridge,336644.0,486412.0
Newcastle Airport (Tyne and Wear Metro),Airport,418566.0,571308.0
Newhaven (Edinburgh Trams),Newhaven,325938.0,676964.0
Newhey (Manchester Metrolink),Newhey,393795.6666666667,411604.6666666667
Newton Heath & Moston (Manchester Metrolink),Newton Heath,387892.5,400840.5
Nine Elms Underground,Nine Elms,530064.5,177322.5
Noel Street Tram ,Hyson Green,455933.0,341422.0
Norbreck (Blackpool Tramway),Norbreck,331027.6666666667,440680.3333333333
Norbreck North (Blackpool Tramway),Norbreck,331093.0,440970.0
Norchard (Dean Forestway),Norchard,362915.0,204385.0
Norden - Park and Ride (Swanageway),Norden,395683.5,82818.5
North (Blackpool Tramway),Blackpool,330971.0,436596.0
North Acton,North Acton,520829.0,181943.5
North Ealing,North Ealing,518815.0,181232.5
North Greenwich,North Greenwich,539203.5,179837.3333333333
North Harrow,North Harrow,513565.5,188603.5
North Pier (Blackpool Tramway),Blackpool Town Centre,330628.5,436365.1666666666
North Shields (Tyne and Wear Metro),North Shields,435362.0,568330.0
North Wembley Underground,North Wembley,517659.0,186215.0
Northern Moor (Manchester Metrolink),Northern Moor,380957.6,390900.6
Northfields,Northfields,517084.0,179163.5
Northiam (Kent & East Sussexway),Northiam,583516.5,126591.0
Northolt,Northolt,513232.0,184519.0
Northumberland Park (Tyne & Wear Metro),Northumberland Park,430800.0,571070.0
Northwick Park,Northwick Park,516636.5,187963.25
Northwood,Northwood,509241.5,191429.0
Northwood Hills,Northwood Hills,510256.5,190290.5
Notting Hill ,Notting Hill,525263.8,180458.1
Nottingham Tram ,Nottingham,457518.0,339212.5
Nunnery Square,Attercliffe,437198.0,387776.5
Oakwood,Oakwood,529330.0,195972.0
Oakworth (Keighley & Worth Valleyway),Oakworth,403925.0,438345.0
Ocean Terminal (Edinburgh Trams),North Leith,326612.0,676984.0
Okehampton (Dartmoorway),Okehampton,259210.0,94430.0
Old Market Square Tram ,Nottingham,457181.6666666667,339858.0
Old Street Underground,Old Street,532753.0,182505.0
Old Trafford (Manchester Metrolink),Old Trafford,381179.25,395528.5
Oldham Central (Manchester Metrolink),Oldham,392663.3333333333,404855.3333333333
Oldham King Street (Manchester Metrolink),Oldham,392336.25,404769.5
Oldham Mumps (Manchester Metrolink),Oldham Mumps,393242.0,405086.2
Oldland (Avon Valleyway),Oldland,367616.0,171734.0
Orton Mere (Nene Valleyway),Orton Longueville,516638.0,297157.0
Osterley,Osterley,514540.5,177091.25
Oval,Oval,531160.0,177579.75
Oxenhope (Keighley & Worth Valleyway),Oxenhope,403225.0,435396.0
Oxford Circus,Oxford Circus,529035.0555555555,181229.77777777778
Paddington (H&C Line),Paddington,526525.8333333333,181466.5
Paddington Underground,Paddington,526704.2,181279.6
Paignton (Paignton and Dartmouthway),Paignton,288958.5,60601.0
Pallion (Tyne and Wear Metro),Pallion,437467.0,557725.0
Palmersville (Tyne and Wear Metro),Palmersville,429450.0,570030.0
Park Grange,Norfolk Park,436361.5,385722.0
Park Grange Croft,Norfolk Park,436120.8333333333,386059.3333333333
Park Lane (Tyne and Wear Metro),Park Lane,439580.0,556570.0
Park Royal,Park Royal,519111.75,182304.5
Parkend (Dean Forestway),Parkend,361715.0,207855.0
Parkgate,Parkgate,443712.0,394226.0
Parkway (Manchester Metrolink),Trafford Park,378579.0,396881.6666666667
Parsons Green,Parsons Green,525029.25,176687.25
Partick SPT Subway,Partick,255633.0,666495.5
Peel Hall (Manchester Metrolink),Peel Hall,383435.6,386344.6
Pelaw (Tyne and Wear Metro),Pelaw,429392.0,562095.0
Penrhyn (Ffestiniogway),Penrhyndeudraeth,261310.0,339515.0
Percy Main (Tyne and Wear Metro),Percy Main,433738.0,567335.0
Perivale,Perivale,516368.75,183305.5
Peterborough (Nene Valleyway),Woodston,518859.0,298083.0
Phipps Bridge Tram ,Morden,526555.5,168751.0
Phoenix Park Tram ,Phoenix Park,453328.0,343804.5
Picardy Place (Edinburgh Trams),Edinburgh,325998.0,674391.0
Piccadilly (Manchester Metrolink),Manchester City Centre,384803.4,397850.6
Piccadilly Circus,Piccadilly Circus,529574.125,180655.3125
Piccadilly Gardens (Manchester Metrolink),Piccadilly Gardens,384371.6666666667,398195.3333333333
Pickering (North Yorkshire Moorsway),Pickering,479685.0,484178.0
Pimlico,Pimlico,529676.6666666667,178335.3333333333
Pinner,Pinner,512251.25,189438.5
Pipers Row (Midland Metro ),Wolverhampton,391728.5,298545.75
Plaistow,Plaistow,540049.75,183310.5
Pleasant Street (Blackpool Tramway),Claremont,330616.3333333333,437077.0
Pleasure Beach (Blackpool Tramway),Pleasure Beach,330480.3333333333,433541.3333333333
Pomona (Manchester Metrolink),Salford Quays,381635.0,396531.6666666667
Pont Croesor (Welsh Highland Rly-Caernarfon),Prenteg,259224.0,341313.0
Pontoon Dock DLR,Silvertown,541185.5,180115.0
Poplar,Poplar,537675.75,180618.0
Port of Leith (Edinburgh Trams),Leith,327314.0,676735.0
Preston Road,Preston Road,518259.5,187266.5
Prestwich (Manchester Metrolink),Prestwich,381382.6666666667,404147.0
Priestfield (Midland Metro ),Priestfield,393478.0,297093.5
Prince Regent,Prince Regent,541253.75,180890.75
Princes Street (Edinburgh Trams),Edinburgh,325259.0,673835.0
Pudding Mill Lane,Pudding Mill Lane,537919.5,183565.5
Putney Bridge,Putney Bridge,524504.5,175869.0
Queen's Park Underground,Queens Park,524628.0,183222.0
Queens Medical Centre Tram ,Queens Medical Centre,454952.3333333333,338660.6666666667
Queens Road (Manchester Metrolink),Smedley,385064.75,400576.0
Queens Walk Tram ,Meadows,457191.0,338711.6666666667
Queensbury,Queensbury,518833.5,189757.5
Queensway,Queensway,525902.0,180606.75
Quorn & Woodhouse (Great Centralway),Quorn,454918.5,316175.5
Radcliffe (Manchester Metrolink),Radcliffe,378829.0,407349.0
Radford Road Tram ,Forest Fields,455583.5,341689.0
Ramsbottom (East Lancashireway),Ramsbottom,379290.0,416855.0
Ravenglass (Ravenglass and Eskdaleway),Ravenglass,308575.0,496500.0
Ravenscourt Park,Ravenscourt Park,522544.5,178710.75
Rawtenstall (East Lancashireway),Longholme,380904.0,422498.0
Rayners Lane,Rayners Lane,512988.0,187499.5
Redbridge,Redbridge,541833.5,188364.25
Redmire (Wensleydaleway),Redmire,404746.0,491492.0
Reeves Corner Tram ,Croydon,531899.5,165696.5
Regent Centre (Tyne and Wear Metro),Regent Centre,424270.0,568638.0
Regent's Park,Regents Park,528680.5,182133.5
Rheidol Falls (Vale of Rheidolway),Aber-ffrwd,270787.0,278714.0
Rhiwfron (Vale of Rheidolway),Pontarfynach,272845.0,277823.0
Rhyd Ddu (Welsh Highland Rly-Caernarfon),Rhyd-Ddu,257160.0,352539.0
Rhydyronen (Talyllynway),Rhyd-Yr-Onen,261432.0,302168.0
Richmond Underground,Richmond,518100.0,175175.0
Rickmansworth Underground,Rickmansworth,505717.5,194602.0
Rivergreen Tram ,Clifton,455599.3333333333,334701.3333333333
Robinswood Road (Manchester Metrolink),Wythenshawe,382890.6,386647.0
Rochdale Interchange (Manchester Metrolink),Rochdale,389820.0,413430.5
Rochdaleway (Manchester Metrolink),Rochdale,389878.3333333333,412730.0
Roding Valley,Woodford Wells,541587.5,192902.5
Rolvenden (KESR),Rolvenden,586480.0,132840.0
Romney Sands (RHDR),Greatstone-on-Sea,608176.5,121955.5
Romney Warren Halt (RHDR),New Romney,607787.5,126151.5
Ropley (Mid-Hantsway),Ropley Dean,462964.0,132411.0
Rossall Beach (Blackpool Tramway),Rossall Beach,331716.6666666667,443991.0
Rossall School (Blackpool Tramway),Rossall Beach,331790.6666666667,445017.0
Rossall Square (Blackpool Tramway),Rossall Beach,331978.6666666667,445435.0
Rotherham,Rotherham,442564.0,392979.0
Rothley (Great Centralway),Rothley,456869.5,312236.5
Roundthorn (Manchester Metrolink),Roundthorn,380858.75,388485.5
Rowsley South (Peak),Northwood,426183.5,364308.5
Royal Albert DLR,Royal Albert,542075.0,180794.0
Royal Centre Tram ,Nottingham,457065.6666666667,340096.6666666667
Royal Oak,Royal Oak,525766.0,181576.0
Royal Victoria,Royal Victoria,540178.75,180861.5
Ruddington Lane Rec.,Silverdale,456740.5,336071.0
Ruddington Lane Tram ,Compton Acres,456695.0,335582.0
Ruislip,Ruislip,509485.5,187024.0
Ruislip Gardens,Ruislip Gardens,510262.0,185834.25
Ruislip Manor,Ruislip Manor,510080.75,187231.75
Russell Square,Russell Square,530225.5,182135.0
Sale (Manchester Metrolink),Sale,378902.5,391996.0
Sale Water Park (Manchester Metrolink),Sale,380773.0,392428.6666666667
Salford s (Manchester Metrolink),Salford Quays,381244.8,397100.0
Sampford Courtenay (Dartmoorway),Belstone Corner,262694.5,98577.5
Sandby Court,Chilwell,451448.5,336289.0
Sandhurst Avenue (Blackpool Tramway),Bispham,330912.6666666667,440220.0
Sandilands Tram ,Addiscombe,533826.5,165755.5
Saughton (Edinburgh Trams),Saughton,320413.0,671764.0
Seaburn (Tyne and Wear Metro),Fulwell,439420.0,559575.0
Seaton Terminus (Seaton Tramway),Seaton,324683.0,90046.0
Seven Sisters,Seven Sisters,533630.5,188914.1
Shackerstone (Battlefield Line),Shackerstone,437909.5,306508.0
Shadowmoss (Manchester Metrolink),Woodhouse Park,383288.6666666667,385709.0
Shadwell DLR,Shadwell,535002.6666666666,180977.66666666666
Shalesmoor,Shalesmoor,434818.8333333333,388107.5
Shaw and Crompton (Manchester Metrolink),Shaw,394167.3333333333,408885.0
Sheffield Park (Bluebellway),Sheffield Park,540348.5,123709.5
Sheffield Stn - Hallam Uni,Sheffield Centre,435936.0,386911.0
Sheffield Stn/Hallam Uni to Halfway,Sheffield Centre,435935.5,386934.75
Shenton (Battlefield Line),Shenton,439676.5,300373.5
Shepherd's Bush (Central Line),Shepherds Bush,523749.25,179911.25
Shepherd's Bush Market,Shepherds Bush,523191.75,180015.25
Shepherdswell (East Kentway),Shepherdswell,625834.5,148341.0
Sheringham (North Norfolkway),Sheringham,615648.0,343077.0
Shields Road SPT Subway,Kinning Park,257656.0,664206.0
Shipstone Street Tram ,Radford,455603.5,341895.5
Shiremoor (Tyne and Wear Metro),Shiremoor,431735.0,571472.0
Shudehill (Manchester Metrolink),Manchester City Centre,384230.6,398752.8
Simonside (Tyne and Wear Metro),Simonside,435005.0,564230.0
Slaggyford (South Tynedaleway),Slaggyford,367542.0,552463.5
Sloane Square,Sloane Square,528085.75,178650.25
Smallbrook Junction (Isle of Wight Steamway,Westridge,457735.0,90765.0
Snaresbrook,Snaresbrook,540164.875,188827.125
St Chads (Midland Metro ),Birmingham,406872.0,287398.0
Snowdon Ranger (Welsh Highland Rly-Caernarfon),Rhyd-Ddu,256515.0,355138.0
Soho Benson Rd (Midland Metro ),Winson Green,404771.0,288778.5
South ,South Quay,537795.0,179769.0
South Chadderton (Manchester Metrolink),White Gate,390460.0,403379.6666666667
South Ealing,South Ealing,517599.5,179386.5
South Gosforth (Tyne and Wear Metro),South Gosforth,425162.0,568022.0
South Harrow,South Harrow,514284.75,186396.0
South Hylton (Tyne and Wear Metro),South Hylton,435477.0,556710.0
South Kensington,South Kensington,526864.7,178841.9
South Kenton Underground,South Kenton,517332.0,187062.0
South Pier (Blackpool Tramway),South Shore,330512.6666666667,433801.3333333333
South Ruislip Underground,South Ruislip,511094.0,185433.0
South Shields (Tyne and Wear Metro),South Shields,436370.0,567230.0
South Tynedaleway station,Kirkhaugh,369557.0,549675.0
South Wimbledon,South Wimbledon,525808.5,170024.5
South Woodford,South Woodford,540538.25,190072.25
Southchurch Drive North Tram ,Clifton,455887.0,335133.0
Southfields,Southfields,524735.5,173307.0
Southgate,Southgate,529666.75,194277.5
Southwark,Southwark,531587.75,180039.25
Spring Lane,Fairleigh,437445.8333333333,385636.5
St Andrew Square (Edinburgh Trams),Edinburgh,325649.0,674152.0
St Chad's (Blackpool Tramway),Bloomfield,330575.3333333333,434531.0
St Enoch SPT Subway,Glasgow,258935.0,664975.0
St Georges Cross SPT Subway,St Georges Cross,258101.5,666563.5
St James (Tyne and Wear Metro),Newcastle upon Tyne,424360.0,564450.0
St James's Park,St Jamess Park,529639.125,179489.125
St John's Wood,St Johns Wood,526744.0,183316.0
St Mary's  (RHDR),St Marys Bay,608739.5,127761.0
St Mary's Halt (Dean Forestway),Lydney,363382.0,202444.5
St Paul's (Midland Metro ),Jewellery Quarter,406621.0,287642.5
St Peter's (Tyne and Wear Metro),St Peters,439604.0,557588.0
St Peters Square (Manchester Metrolink),Manchester City Centre,383958.75,397958.875
St Werburgh's Road (Manchester Metrolink),Chorlton,382448.0,393597.0
St. Paul's,St Pauls,532112.25,181277.5
Stadium Of Light (Tyne and Wear Metro),Sunderland Stadium of Light,439654.0,558344.0
Stamford Brook,Stamford Brook,521874.0,178792.0
Stanley Road (Blackpool Tramway),Fleetwood,333064.0,447195.3333333333
Stanmore,Stanmore,517575.6666666666,192581.5
Star Lane,Canning Town,539142.25,182113.75
Starr  (Blackpool Tramway),Squires Gate,330505.3333333333,431803.6666666667
Staverton (South Devonway),Staverton,278363.0,63764.0
Stepney Green,Stepney Green,535620.5,182132.0
Stockwell,Stockwell,530483.25,176481.75
Stogumber (West Somersetway),Stogumber,311057.0,137200.0
Stonebridge Park Underground,Stonebridge Park,519656.0,184193.0
Stratford DLR,Stratford,538559.0,184431.5
Stratford High Street,Stratford,538752.75,184027.75
Stratford International DLR,Stratford,538136.3333333334,184833.0
Stretford (Manchester Metrolink),Stretford,379909.2,394378.4
Sudbury Hill,Sudbury Hill,515434.75,185522.25
Sudbury Town,Sudbury Town,516875.0,184882.25
Summerwood Lane Tram ,Clifton,454727.3333333333,333587.6666666667
Summit (Great Orme Tramway),Great Orme,276643.0,383352.0
Summit (Snowdon Mountainway),Llanberis,260923.0,354336.0
Sunderland (Tyne and Wear Metro),Sunderland,439685.0,557043.0
Swanage (Swanageway),Swanage,402908.5,78915.0
Swiss Cottage,Swiss Cottage,526657.8,184320.1
Sylfaen (W&LLR),Sylfaen,317594.0,306454.0
Tanygrisiau (Ffestiniogway),Tanygrisiau,268270.0,344928.0
Temple,Temple,530968.0,180805.5
Tenterden Town (KESR),Tenterden,588218.5,133525.0
The Crescent (Midland Metro ),Bilston,394624.0,296682.5
The Forest Tram ,The Forest,456030.75,341199.5
The Hawthorns (Midland Metro ),Smethwick,402497.0,289760.5
The Royal(Midland Metro ),Wolverhampton,392125.0,298180.5
The Shore (Edinburgh Trams),Leith,327266.0,676373.0
The Trafford Centre (Manchester Metrolink),The Trafford Centre,377013.3333333333,396849.0
Therapia Lane Tram ,Broad Green,530298.3333333334,166832.33333333334
Theydon Bois Underground,Theydon Bois,545521.5,199081.5
Thornton  (Blackpool Tramway),Cleveleys,331766.6666666667,443510.0
Timperley (Manchester Metrolink),Timperley,377596.5,389751.0
Toddington (Gloucs Warwicksway),Toddington,405020.0,232287.0
Tooting Bec,Tooting Bec,528019.5,172344.375
Tooting Broadway,Tooting Broadway,527444.5,171455.0
Totnes (South Devonway),Totnes,280373.0,61264.0
Toton Lane Tram ,Toton,449696.0,335923.0
Tottenham Court Road,Tottenham Court Road,529831.125,181369.5
Tottenham Hale Underground,Tottenham Hale,534479.0,189477.0
Totteridge & Whetstone,Whetstone,526118.0,193967.0
Tower (Blackpool Tramway),Blackpool Town Centre,330578.6666666667,435878.3333333333
Tower Hill,Tower Hill,533615.0,180784.66666666666
Tower way,Tower Gateway,533679.8333333334,180803.66666666666
Town Hall (Midlands Metro ),Birmingham,406657.0,286817.0
Trafford Bar (Manchester Metrolink),Trafford Bar,381697.5,396152.5
Tram Park & Ride,Toton,449695.0,335922.5
Trinity Way (Midland Metro ),West Bromwich,400906.0,290432.5
Tufnell Park,Tufnell Park,529163.0,185855.25
Tunbridge Wells West (Spa Valleyway),Showfields,557790.0,138458.5
Turnham Green,Turnham Green,521242.0,178812.5
Turnpike Lane,Turnpike Lane,531506.5,189650.25
Tyne Dock (Tyne and Wear Metro),Tyne Dock,435835.0,564760.0
Tynemouth (Tyne and Wear Metro),Tynemouth,436635.0,569325.0
Tywyn Pendre (Talyllynway),Pendre,259048.0,300818.0
Tywyn Wharf (Talyllynway),Tywyn,258564.0,300490.0
University (Tyne and Wear Metro),University of Sunderland,439071.0,556627.0
University Boulevard Tram ,Nottingham University Main Campus,453724.6666666667,337497.0
University of Nottingham Tram ,Nottingham University Main Campus,454649.0,338068.3333333333
University of Sheffield,Western Bank,434417.6666666667,387217.0
Upminster Bridge,Upminster Bridge,555088.5,186802.0
Upminster Underground,Upminster,556130.0,186865.0
Upney,Upney,545845.0,184262.5
Upton Park,Upton Park,541256.6666666667,183789.6666666667
Uxbridge,Uxbridge,505603.25,184153.0
Valley Centertainment,Carbrook,439146.8333333333,389646.3333333333
Vauxhall,Vauxhall,530348.3333333333,177979.6666666667
Velopark (Manchester Metrolink),Sportcity,387259.5,398395.75
Victoria,Victoria,528982.6666666667,179083.3333333333
Victoria (Great Orme Tramway),Llandudno,277844.0,382713.0
Victoria (Manchester Metrolink),Manchester City Centre,384013.0,399003.6
Victoria Street (Blackpool Tramway),Fleetwood,333862.3333333333,448114.0
Village (Manchester Metrolink),Trafford Park,379575.4,396784.8
Waddon Marsh Tram ,Waddon,531045.0,165949.0
Walkergate (Tyne and Wear Metro),Walkergate,428315.0,565743.0
Wallingford (Cholsey & Wallingfordway),Wallingford,459993.5,189142.5
Wallsend (Tyne and Wear Metro),Wallsend,430023.0,566213.0
Walsingham (Wells & Walsinghamway),Walsingham,593273.0,337041.0
Walthamstow Central Underground,Walthamstow Central,537290.0,188980.0
Wandle Park Tram ,Waddon,531426.5,165492.0
Wansbeck Road (Tyne and Wear Metro),Coxlodge,423447.0,568910.0
Wansford (Nene Valleyway),Sibson,509315.0,297948.5
Wanstead,Wanstead,540658.75,188237.25
Warren Street,Warren Street,529259.5,182290.25
Warwick Avenue,Warwick Avenue,526095.75,182045.0
Washford (West Somersetway),Washford,304411.0,141175.0
Watchet (West Somersetway),Watchet,307160.0,143215.0
Waterloo,Waterloo,530996.6666666667,179964.1666666667
Waterloo Road (Blackpool Tramway),Bloomfield,330549.6666666667,434152.0
Waterthorpe,Waterthorpe,443709.0,382374.5
Watford Underground,Watford,509579.5,196597.0
Waunfawr (Welsh Highland Rly-Caernarfon),Waunfawr,252763.0,358752.0
Weaste (Manchester Metrolink),Weaste,379681.5,398456.5
Wednesbury Great Western St (Metro ),Wednesbury,398447.0,294521.5
Wednesbury Parkway (Midland Metro ),Wednesbury,398022.0,294627.5
Wellesley Road Tram ,Croydon,532511.5,165757.5
Wells-next-the-Sea (Wells & Walsinghamway),Wells-next-the-Sea,592544.5,342984.0
Welshpool Raven Square (W&LLR),Welshpool,321668.0,307489.0
Wembley Central Underground,Wembley,518181.0,185087.0
Wembley Park,Wembley Park,519364.8333333334,186319.8333333333
West Acton,West Acton,519367.5,181292.0
West Brompton Underground,West Brompton,525379.0,178023.0
West Bromwich CENTRAL (Midland Metro ),West Bromwich,400452.0,290969.5
West Croydon Tram ,Croydon,532209.0,166143.5
West Didsbury (Manchester Metrolink),West Didsbury,384396.6666666667,392026.6666666667
West Drive (Blackpool Tramway),Cleveleys,331793.0,443179.6666666667
West End - Princes Street (Edinburgh Trams),West End,324402.0,673483.0
West Finchley,West Finchley,525544.5,191589.5
West Ham DLR,West Ham,539165.5,182916.0
West Hampstead Underground,West Hampstead,525532.0,184640.5
West Harrow,West Harrow,514203.5,188063.0
West India ,West India Quay,537481.5,180557.5
West Jesmond (Tyne and Wear Metro),West Jesmond,425020.0,566625.0
West Kensington,West Kensington,524596.0,178372.5
West Monkseaton (Tyne and Wear Metro),West Monkseaton,433485.0,571870.0
West Ruislip Underground,West Ruislip,508362.0,186802.0
West Silvertown DLR,Silvertown,540480.0,180151.0
West Street,Sheffield Centre,434857.0,387204.5
West Street SPT Subway,Tradeston,258236.0,664136.5
Westbourne Park,Westbourne Park,524921.0,181766.0
Westferry,Westferry,537065.25,180775.25
Westfield,Westfield,443795.6666666667,381851.0
Westminster,Westminster,530251.3333333333,179698.0
Westwood (Manchester Metrolink),Westwood,391756.3333333333,405089.6666666667
Weybourne (North Norfolkway),Weybourne,611858.0,341935.0
Wharfside (Manchester Metrolink),Old Trafford,380992.6,396656.8
White City,White City,523304.5,180720.0
White Lane,Charnock,438727.0,383061.6666666667
Whitechapel Underground,Whitechapel,534700.0,181850.0
Whitefield (Manchester Metrolink),Whitefield,380525.6666666667,406102.3333333333
Whitley  (Tyne and Wear Metro),Whitley Bay,435708.0,571862.0
Wilford Lane Tram ,Wilford,456825.3333333333,336832.6666666667
Wilford Village Tram ,Wilford,456845.3333333333,337925.0
Wilkinson Street Tram ,Basford,455299.3333333333,341931.3333333333
Willesden Green,Willesden Green,523426.5,184860.5
Willesden Junction Underground,Willesden Junction,521879.0,182944.0
Williton (West Somersetway),Williton,308550.0,141606.0
Willow Lawn (Ruislip Lidoway),Ruislip Common,508678.0,189251.0
Wilton Parade (Blackpool Tramway),Claremont,330614.0,437356.3333333333
Wimbledon Park,Wimbledon Park,525240.5,172159.0
Wimbledon Tram ,Wimbledon,524823.5,170650.0
Winchcombe (Gloucs Warwicksway),Greet,402627.5,229782.0
Winson Green  (Midland Metro ),Winson Green,404244.0,288971.5
Wirksworth (Ecclesbourne Valleyway),Wirksworth,428973.5,354027.0
Withington (Manchester Metrolink),Withington,383551.0,392902.3333333333
Wittersham Road (KESR),Rolvenden Layne,586625.5,128717.0
Wolverhampton (Midland Metro ),Wolverhampton,391993.0,298832.0
Wood Green,Wood Green,531010.5,190419.0
Wood Lane,Shepherds Bush,523311.0,180465.0
Woodbourn Road,Attercliffe,437703.8333333333,388149.5
Woodford,Woodford,540952.0,191776.75
Woodside Park,Woodside Park,525723.75,192577.5
Woodside Tram ,Woodside,534742.0,167128.0
Woody  (Ruislip Lidoway),Ruislip Common,509063.0,189009.0
Woolwich Arsenal DLR,Woolwich,543732.0,178850.66666666666
Wootton (Isle of Wight Steamway),Wootton,453600.0,91331.0
Wymondham Abbey (Mid Norfolkway),Wymondham,610448.0,301461.0
Wythenshawe Park (Manchester Metrolink),Northern Moor,380434.0,390114.5
Wythenshawe Town Centre (Manchester Metrolink),Wythenshawe,382554.0,387058.6
shead (Tyne and Wear Metro),Gateshead,425457.0,563038.0
shead Stadium (Tyne and Wear Metro),Gateshead Stadium,426477.0,562653.0
swater,Bayswater,525850.5,180824.0
